name,state,region,driveHours,category,fitScore,scenery,seclusion,roadFun,hotelFit,crowdRisk,julyFit,pitch
Highland Scenic Highway (WV-150) + Cranberry Glades,WV,VA/WV highlands,6.5,byway,89,9,10,9,5,1,9,"A 43-mile paved parkway cresting 4,500 ft with four drive-up overlooks and, because it connects nothing to nothing, almost literally zero traffic — the single best empty-overlook-with-a-huge-view road in the Mid-Atlantic."
Cherohala Skyway + Bald River Falls drive-up waterfall loop (terminus Maryville TN),TN,Southern Appalachians (NC/TN/GA/SC),6,scenic skyway loop,87.5,9,9,10,8,3,8,"43 miles of billiard-smooth mile-high sweepers with big empty overlooks, plus 100-ft Bald River Falls viewable literally from the driver's seat; end in Maryville/Alcoa new-build Tru/Courtyard stock at $150-200 with surface lots."
"Reddish Knob, George Washington NF (via Harrisonburg VA)",VA,Mid-Atlantic/North (VA/MD/PA/NY),7,mountains/drive-up summit,84,9,9,7,8,2,8,"A one-lane paved road dead-ends on a 4,397-ft summit with a 360-degree view into West Virginia — the literal 'park facing a huge view, alone' smoke spot; Harrisonburg's new hotels are 45 min back down."
Highland County / Monterey via US-250 over Shenandoah Mountain,VA,Mid-Atlantic/North (VA/MD/PA/NY),7,mountains/byway,83.5,8,10,9,3,1,8,"'Virginia's Switzerland' — one of the least-populous counties east of the Mississippi, reached by US-250's superbly paved switchbacks over three mountain crests with pull-offs nobody uses; overnight back in Staunton (no chains within an hour)."
Hyner View State Park,PA,Mid-Atlantic/North (VA/MD/PA/NY),10,mountains/drive-up overlook,82.5,9,9,8,5,2,8,"A steep paved road climbs to a CCC stone terrace 1,300 ft directly above the West Branch Susquehanna — hang-glider-launch views, no crowds usually, and PA-120's river-canyon run to reach it is a driver's treat."
Spruce Knob (highest point in WV),WV,VA/WV highlands,7.3,mountains,81.5,9,9,8,4,2,8,"A fully paved forest road spirals to a 4,863-ft summit observation tower routinely deserted at sunset — the ultimate private mountaintop smoke spot, 60s temperatures in July; Elkins Home2 ~1.2h beyond."
Back of the Dragon (VA-16 Marion-Tazewell) + Burkes Garden 'God's Thumbprint',VA,VA/WV highlands,4.5,driving road / hidden crater valley,81.2,8,9,10,7,2,8,"32 paved miles and 400+ curves over three mountains, near-empty on a Monday, dead-ending at Burkes Garden — Virginia's highest, emptiest crater farm valley; Wytheville Fairfield + Hampton 40 min away in budget."
"Germany Valley Overlook (US-33, North Fork Mountain)",WV,VA/WV highlands,6.9,overlook,81,9,8,9,4,1,8,"An unmarked-feeling roadside pull-off at the top of US-33's magnificent switchback climb, gazing over a hidden karst valley ringed by parallel ridges — a 15-minute stop that outguns most national park overlooks, usually with nobody there."
Loyalsock Canyon Vista / World's End State Park,PA,Mid-Atlantic/North (VA/MD/PA/NY),9.8,mountains/gorge,80,8,9,8,5,2,8,"A short smooth forest road (brief easy gravel, sedan-fine) dead-ends at Canyon Vista's stone overlook above the Loyalsock gorge — routinely deserted even in summer; Williamsport's new Fairfield/TownePlace 45 min south."
"Beartown State Park, Hillsboro",WV,VA/WV highlands,6,rock formation,78,7,9,7,6,1,8,"A half-mile flat boardwalk through a mossy sandstone rock city that routinely has zero other cars in the lot — the exact obscure-empty-gorgeous side stop this driver lives for, right on the way to WV-150."
"Creelsboro Natural Arch / Rockhouse Bottom (Jamestown, KY)",KY,KY/OH/IN plateau,5.8,cave,78,7,10,6,7,1,6,"A National-Natural-Landmark river arch big enough to drive a truck through, at the end of a tiny valley lane along the Cumberland River — one of the emptiest genuinely impressive places in Kentucky."
Pine Creek Gorge — Colton Point + Leonard Harrison State Parks (PA Grand Canyon),PA,Mid-Atlantic/North (VA/MD/PA/NY),10.8,gorge,78,9,8,7,6,3,8,"Leonard Harrison's rim overlook is steps from the lot, and the west-rim Colton Point side is the secret — CCC stone overlooks over a 47-mile, 800-ft-deep green canyon with often nobody there on a weekday."
Breaks Interstate Park ('Grand Canyon of the South'),VA/KY,VA/WV highlands,5.5,gorge,76.8,8,9,8,4,2,7,"The deepest gorge east of the Mississippi, with multiple drive-up rim overlooks (Towers is a 2-minute walk) and almost nobody there even in peak season; nearest modern brands ~40 min away in Pikeville KY."
Unaka Mountain Beauty Spot (Erwin TN),TN,Southern Appalachians (NC/TN/GA/SC),3.8,mountains,76.6,9,9,7,6,2,8,"A grassy 4,400 ft bald reached by a decent 2WD gravel forest road (sedans do it fine) with 360-degree views and usually nobody but an AT hiker or two at sunset; Johnson City new-builds 30 min away."
"Devils Jump Overlook & Blue Heron Mining Community (Stearns, KY)",KY,KY/OH/IN plateau,5.2,gorge,76.6,8,9,7,6,2,7,Paved spur road dead-ends at a short paved path to a rim view over a Class IV-V rapid — textbook private 'smoke spot' with a ghost-town coal tipple below; Somerset's new Home2/Fairfield ~50 min north.
"Smoke Hole Canyon Road, Upper Tract",WV,VA/WV highlands,7.2,gorge,76.5,8,9,7,3,1,7,"A narrow paved dead-end lane threading a 1,000-ft limestone canyon along the South Branch Potomac — you will likely meet more deer than cars."
"Bee Rock Overlook & Rockcastle River Narrows, Daniel Boone NF (Livingston, KY)",KY,KY/OH/IN plateau,4.7,gorge,76.4,7,9,8,7,1,7,"KY-192 is a twisty, well-paved national-forest road dropping to a wild river gorge with a short walk to a cliff-edge overlook — you will almost certainly be the only car there on a Monday; London KY chains 25 min away."
"Buck's Pocket State Park — Point Rock Overlook, Grove Oak AL",AL,Deep South (AL/MS/LA/W-GA),4.4,canyon overlook,76.2,8,10,6,5,1,7,Alabama's forgotten state park: a drive-up overlook hanging over a 400-ft sandstone pocket canyon where you will almost certainly be alone; verify the bridge-out approach and route via County Rd 50.
"Zilpo National Scenic Byway & Cave Run Lake (Salt Lick, KY)",KY,KY/OH/IN plateau,6.3,byway,76,7,9,7,6,2,7,"Nine miles of smooth, empty Forest Service pavement winding a ridge to a dead-end peninsula on a quiet, misty lake — pure private-overlook energy; Morehead chains 25 min away."
"Kingdom Come State Park (Cumberland, KY)",KY,KY/OH/IN plateau,5.5,mountains,75.8,8,9,8,2,1,7,Kentucky's highest state park on the crest of Pine Mountain — paved park road to empty rock overlooks with 25-mile views and essentially no visitors; hotel desert is the tax.
"Grandview Overlook, New River Gorge NP (Beckley)",WV,VA/WV highlands,5.5,gorge,75.4,9,7,6,9,3,8,"Park 100 yards from a rim overlook 1,400 ft above a horseshoe bend of the New River — the bridge's canyon with a tenth of the people; brand-new 2025 Fairfield Beckley with surface parking 15 min away."
"Big South Fork NRRA — East Rim Overlook & TN-297 gorge crossing (Oneida, TN)",TN/KY,KY/OH/IN plateau,4.8,gorge,75.2,8,9,8,4,2,7,"A 500-ft sandstone canyon almost nobody visits — East Rim Overlook is a platform 300 ft from the car, and TN-297's switchback descent is a legit driver's road; thin hotel stock in Oneida."
The Snake (US 421 Shady Valley) + Backbone Rock (TN),TN,Southern Appalachians (NC/TN/GA/SC),4.3,byway,75,8,8,10,6,3,7,"489 perfectly paved curves over three mountains plus Backbone Rock's drive-through rock tunnel and creek swimming hole, usually empty on a Monday; Bristol's newer Courtyard/Fairfield 35 min away."
Watauga Lake + Wilbur Dam Road dead-end (Hampton TN),TN,Southern Appalachians (NC/TN/GA/SC),3.9,lake,74.5,9,8,8,6,3,8,"Often called the cleanest lake in the East — US 321 sweeps along emerald water and Wilbur Dam Rd dead-ends at a deserted overlook/boat ramp, exactly the private smoke-spot vibe; Johnson City 2019+ builds 30 min."
"Push Mountain Road, AR-341 (Big Flat to Norfork, AR)",AR,Ozarks/Ouachitas (AR/MO),11.8,driving byway,72.8,7,9,10,5,2,4,"Arkansas's 'Dragon' — 25 miles of freshly-paved sweepers with essentially zero traffic, purpose-built for a 7 Series — but at 11.8h it's a day-2 morning road from Mountain Home, not a day-1 arrival."
"Hawks Nest State Park Overlook, Ansted",WV,VA/WV highlands,6.1,gorge,72.5,8,7,7,7,3,7,Drive-up stone-wall overlook straight down the New River Gorge from US-60's old Midland Trail — locals' alternative that tourists skip for the bridge; pairs with Grandview for a two-overlook day.
Moonshiner 28 dam chain: Fontana Dam - Cheoah - Calderwood lakes + Road to Nowhere tunnel,NC,Southern Appalachians (NC/TN/GA/SC),2.4,byway / lakes / abandoned,71.8,9,8,10,5,4,8,"NC-28 sweepers past three stacked emerald reservoirs with empty drive-up dam overlooks (Fontana is the East's tallest dam), finishing at Bryson City's eerie dead-end Road to Nowhere tunnel."
"Sandstone Falls, Hinton",WV,VA/WV highlands,5.4,waterfall,71.2,8,7,7,7,3,7,"The New River's widest waterfall, reached by a gorgeous, nearly empty 8-mile paved river road from sleepy Hinton, with a flat boardwalk to the brink; genuinely uncrowded."
"Taum Sauk Mountain State Park (Ironton, MO)",MO,Ozarks/Ouachitas (AR/MO),10.3,mountains,71,6,9,6,6,1,5,"A lonely paved road dead-ends at Missouri's highest point — nearly always empty, perfect park-and-sit smoke-spot energy — but the summit is flat woods: a seclusion play, not a scenery jackpot."
Troy Spring + Lafayette Blue Spring (backroad Suwannee springs circuit),FL,FL springs & Gulf / S-GA,6.2,springs,71,8,8,4,7,3,7,"Troy Spring is 70 ft deep with a sunken Civil War steamboat, Lafayette Blue has a natural rock bridge — little-visited county-road state parks that stay quiet even in July, strung along empty CR roads."
NC-181 sweepers + Brown Mountain Lights Overlook (night mystery stop),NC,Southern Appalachians (NC/TN/GA/SC),2.8,driving road / paranormal overlook,71,7,9,8,7,2,7,"NC-181's unsung wide-lane sweeper run up the Blue Ridge escarpment ends at the canonical park-facing-a-huge-view-alone pull-off, with the unexplained Brown Mountain Lights after dark; Morganton Fairfield nearby."
"Seventy Six Falls, Lake Cumberland (Albany, KY)",KY,KY/OH/IN plateau,5.3,waterfall,70.5,7,8,7,7,3,6,"An 84-ft waterfall plunging straight into a turquoise lake cove, with a paved pull-off and fenced overlook at the top — from land you'll often have it to yourself; Somerset new-builds 50 min."
Cheaha State Park + Talladega Scenic Drive (AL-281),AL,Deep South (AL/MS/LA/W-GA),4.2,mountains,70.5,8,7,9,6,3,7,"The best driving road in Alabama: 26 miles of ridge-crest sweepers ending at 2,407-ft Cheaha with Bald Rock overlook — quiet on a weekday and ~8F cooler; new-build Hamptons/HIEs in Oxford 25 min."
"Rocky Falls Shut-In (Winona/Eminence, MO)",MO,Ozarks/Ouachitas (AR/MO),10.8,waterfall,70.5,8,8,7,3,3,6,"A locals-only pink-rhyolite cascade at the end of short smooth gravel, 100 yards from the car — likely shared with no one on a Monday evening; Eminence has no acceptable hotels, so it's an en-route stop."
"Torreya State Park / Apalachicola Bluffs (Bristol, FL)",FL,FL springs & Gulf / S-GA,6.6,bluffs,70,7,9,5,5,1,4,Florida's only real topography — 150-ft bluffs above the Apalachicola River with a drive-up overlook in a park so lightly visited you will almost certainly be alone.
Swannanoa Palace + Rockfish Gap / northern BRP terminus (Afton Mountain),VA,Mid-Atlantic/North (VA/MD/PA/NY),6,abandoned-vibes marble palace,70,7,7,7,8,2,5,A decaying 1912 Italianate marble villa on the Blue Ridge at Afton — but NOT open to walk-ins in 2026 (prebooked tours only); pairs with the BRP northern terminus and Waynesboro's new Tru/Fairfield.
"Providence Canyon State Park (Little Grand Canyon), Lumpkin GA",GA,Deep South (AL/MS/LA/W-GA),4.3,canyon/badlands,69.8,9,8,4,7,2,6,"Red-orange-pink clay badlands 150 ft deep — the strongest red-sand payoff in the whole South, rim overlooks steps from the lot, near-empty on midsummer weekdays; hit it toward golden hour."
"Cumberland Island National Seashore (ferry from St. Marys, GA)",GA,FL springs & Gulf / S-GA,5.3,coast,69.5,9,9,3,7,3,3,"Wild horses, mansion ruins, 17 miles of empty beach — but a reservation-required ferry and an all-day walking island, the opposite of a drive-up 15-minute stop, in July heat and bugs."
Dale Hollow Lake State Park & dam overlook (Burkesville KY / Byrdstown TN),KY/TN,KY/OH/IN plateau,5.6,lake,69.2,7,8,7,3,3,8,Houseboat-capital lake with crystal-clear water and drive-up blue-water views; land-side visitors are few even in July — but no modern chain hotels within 45 min (Cookeville TN is the realistic terminus).
Pipestem Resort State Park (Bluestone Gorge rim),WV,VA/WV highlands,4.9,gorge,69.1,7,8,6,6,2,7,"Drive-up rim overlooks of the 1,000-ft Bluestone Gorge at a state park most out-of-staters have never heard of — canyon-rim-to-yourself, with Princeton's chain hotels 25 min away."
"Little River Canyon National Preserve (Rim Parkway + Little River Falls), Fort Payne AL",AL,Deep South (AL/MS/LA/W-GA),4,gorge,69.1,9,7,8,6,5,7,Deepest canyon in the Southeast with a paved rim parkway stringing together drive-up overlooks; Little River Falls is 100 yards from the car and the plateau runs cooler than the valleys.
"Seneca Rocks, Monongahela NF",WV,VA/WV highlands,7,rock formation,69,9,5,9,4,4,8,A 900-ft quartzite fin admired from a picnic-area parking lot — Seneca-to-Seneca name symmetry — and US-33's paved switchbacks over the Allegheny Front are 7-Series heaven.
"Big Spring, Ozark National Scenic Riverways (Van Buren, MO)",MO,Ozarks/Ouachitas (AR/MO),10,springs,69,8,7,6,5,3,7,"One of the largest springs in America — 280M gallons/day of turquoise water erupting from a bluff, parked 100 yards away; the most feasible west-of-Mississippi target at ~10h."
"Cape Lookout National Seashore via Harkers Island ferry, NC",NC,Atlantic Coast (SC/GA/NC/VA),7.2,coast,69,9,9,3,4,3,4,Diamond-pattern lighthouse on 56 miles of road-free barrier island — among the emptiest Atlantic beaches in America — but requires a next-morning ferry plus shadeless 95F sand.
"Old Frankfort Pike & bourbon-country backroads (Versailles/Frankfort, KY)",KY,KY/OH/IN plateau,5.7,byway,68.9,7,6,8,9,3,6,"Tree-tunnel pavement past dry-stone walls and thoroughbred farms — immaculate sweepers that flatter a big sport sedan, plus Woodford Reserve/Buffalo Trace as elegant low-effort stops; Lexington stacked with new Marriott brands."
"Chained Rock & Pine Mountain State Resort Park (Pineville, KY)",KY,KY/OH/IN plateau,4.7,mountains,68.7,7,8,8,3,2,7,"Obscure Depression-era oddity: a giant boulder 'chained' to the cliff above town, reached by a narrow paved park road with pull-off views — likely alone; pairs with US-119 over Pine Mountain."
"Wolf Creek Dam Overlook & Kendall Bluffs (Jamestown, KY)",KY,KY/OH/IN plateau,5.4,lake,68.7,6,8,6,7,2,7,Mile-long dam holding back Lake Cumberland with a quiet drive-up overlook and empty side roads dead-ending at green coves — very close to the deserted Hartwell boat-dock vibe; easy Somerset hotels.
"Madison Blue Spring State Park (Lee, FL) + Suwannee backroads loop",FL,FL springs & Gulf / S-GA,6,springs,68.5,9,7,4,7,5,7,An electric-blue 82-ft-wide spring reviewers report having entirely to themselves on summer weekday evenings — 72F water as heat arbitrage; Lake City/Live Oak Home2/Fairfield in budget.
"Kinlock Falls, Bankhead National Forest, Haleyville AL",AL,Deep South (AL/MS/LA/W-GA),5.7,waterfall,68.4,8,8,6,4,4,6,"A quarter-mile walk from a forest-road shoulder to a wide sliding cascade, last stretch smooth gravel a 7 Series can handle slowly — deep-woods empty on weekdays; hotels 45 min back in Cullman."
Natchez Trace Parkway (northern AL section) + Florence/Muscle Shoals,AL/MS,Deep South (AL/MS/LA/W-GA),5.6,byway,67.2,6,8,6,7,2,5,"A commercial-free, silky-paved parkway with near-zero traffic and empty pull-offs — meditative solitude, but 50 mph limits and gentle scenery rather than drama."
"Talimena National Scenic Byway / Queen Wilhelmina SP (Mena, AR)",AR/OK,Ozarks/Ouachitas (AR/MO),12.2,mountain byway,66.9,8,8,9,4,2,4,"54 miles of ridge-top pavement with dozens of empty pull-off vistas — the purest private-mountaintop inventory in the region — but 12+ hours means arriving in darkness, with dated Mena lodging."
Mount Jefferson + New River / West Jefferson (Ashe County NC),NC,Southern Appalachians (NC/TN/GA/SC),4,mountains,66.7,7,8,7,4,2,7,"A drive-up state natural area summit over a green quilt of Christmas-tree farms — Ashe County is the empty, un-touristy corner of the NC High Country; Boone supplies the hotel."
"Mountain Lake Lodge / Bald Knob, Pembroke",VA,VA/WV highlands,5.3,mountains,66.6,6,7,8,6,3,7,"The paved 7-mile climb to 4,000 ft is a superb sweeper road ending at the Dirty Dancing lodge, and the grounds are oddly quiet — a charming detour more than a destination."
"Cape San Blas / St. Joseph Peninsula State Park (Port St. Joe, FL)",FL,FL springs & Gulf / S-GA,7.9,coast,66.5,9,8,4,4,4,4,"Arguably Florida's most beautiful beach — huge dunes, sugar sand, uncrowded even in summer, dead-end peninsula road — but flat roads, brutal July beach heat, one in-budget hotel."
"Kinzua Bridge State Park skywalk, Allegheny National Forest",PA,Mid-Atlantic/North (VA/MD/PA/NY),10.3,gorge/overlook,66.5,8,6,7,4,3,7,Walk 600 ft out onto the tornado-snapped ruins of a 301-ft-tall railroad viaduct over a forested gorge — parking lot to jaw-drop in five minutes; Bradford hotels thin and dated.
"Blanchard Springs Caverns & Mirror Lake (Fifty-Six, AR)",AR,Ozarks/Ouachitas (AR/MO),11.4,cave/springs,66.4,8,7,8,3,3,5,"A spring gushing from a cliff into Mirror Lake steps from parking, plus a 58F world-class cavern as heat escape — realistically a day-2 destination at 11.4h."
Suwannee Springs ruins + Big Shoals + White Springs (Suwannee River corridor),FL,FL springs & Gulf / S-GA,5.7,river,66.4,7,8,3,8,3,6,"A free, usually-empty 1800s stone bathhouse ruin where a sulfur spring pours into the tea-dark Suwannee — a genuine nobody-there dead-end stop; Lake City new chains 20 min away."
"Old Sheldon Church Ruins, Yemassee SC",SC,Atlantic Coast (SC/GA/NC/VA),4.3,byway,66.4,8,8,4,6,2,6,"Haunting 1745 brick church ruins under Spanish moss on a quiet two-lane, 30 steps from the car — a perfect 15-minute drive-up stop he'd likely have alone on a Monday."
"Bulls Island Ferry / Boneyard Beach, Cape Romain NWR, Awendaw SC",SC,Atlantic Coast (SC/GA/NC/VA),4.7,coast,66.3,9,9,3,5,3,3,"The most spectacular and emptiest boneyard beach in the Southeast — but a hard no here: summer ferry runs Tue/Thu/Fri/Sat 9am only, plus a ~2-mile walk each way in 95F with biting flies."
"NC 215 waterfall corridor (Courthouse Falls / Living Waters, Balsam Grove NC)",NC,Southern Appalachians (NC/TN/GA/SC),1.9,waterfall,66.2,8,8,9,4,3,7,NC 215 is the empty twin of NC 276 — fresh pavement stacked with roadside cascades (Living Waters is 100 ft from the car) and almost no traffic; perfect en-route leg.
South Holston Lake + Osceola Island weir dam (Bristol TN),TN,Southern Appalachians (NC/TN/GA/SC),4.2,lake,66.2,7,7,7,7,3,7,Misty weir-dam island footbridges and quiet Cherokee NF lake coves with empty gravel-spur boat ramps — understated but genuinely peaceful; Bristol has the region's best compliant hotel stock.
"High Falls Park, Grove Oak AL",AL,Deep South (AL/MS/LA/W-GA),4.3,waterfall,66,7,8,6,5,2,6,"A free, obscure county park with a 300-ft-wide waterfall and natural bridge a couple hundred flat yards from the car, minutes from Buck's Pocket — pair them; July flow is the honest weakness."
"Elephant Rocks State Park (Belleview, MO)",MO,Ozarks/Ouachitas (AR/MO),10.2,geology,66,8,6,6,6,4,7,"Billion-year-old pink granite boulders the size of houses on a bald hilltop — a paved 0.4-mi loop of drive-up weird beauty, with Arcadia Valley's twisty back roads; Farmington chains 25 min."
Fires Creek / Leatherwood Falls (Hayesville NC),NC,Southern Appalachians (NC/TN/GA/SC),2.2,waterfall,65.6,7,9,7,5,2,6,"A picnic-area waterfall you can practically park beside, in a horseshoe of mountains almost nobody visits — dead-end road, creek swimming, real solitude; pretty rather than jaw-dropping."
"Dismals Canyon, Phil Campbell AL",AL,Deep South (AL/MS/LA/W-GA),6,canyon,65.5,8,7,5,3,3,7,"A privately-run mossy sandstone grotto 10-15F cooler than the surface with nighttime glowworm tours — otherworldly and uncrowded, but demands a 1.5-mi canyon-floor walk and reservations."
"Greers Ferry Lake / Sugarloaf & Dam Overlooks (Heber Springs, AR)",AR,Ozarks/Ouachitas (AR/MO),10.7,lake,65.5,7,8,6,3,4,6,Exceptionally clear Ozark lake ringed with empty Corps overlooks and dead-end boat ramps — the closest Arkansas replica of the deserted Hartwell dock — but no post-2019 brand hotels.
"Stony Brook State Park, Dansville NY",NY,Mid-Atlantic/North (VA/MD/PA/NY),11,gorge/waterfall,65.5,7,7,6,4,3,7,"The locals-only mini-Watkins-Glen: a slot gorge with three waterfalls and none of the tour buses, 20 minutes from Letchworth as a stealth pairing."
Cumberland Gap Pinnacle Overlook (KY/TN/VA tri-state),KY/TN/VA,KY/OH/IN plateau,4.3,mountains / historic gap,65.5,8,7,6,5,3,7,"A paved 4-mile park road corkscrews to a drive-up overlook staring straight down the gap Daniel Boone walked, three states at your feet — a forgotten national historical park; Middlesboro hotels dated."
Mount Mitchell summit via NC-80 'Devil's Whip' + Blue Ridge Parkway high section,NC,Southern Appalachians (NC/TN/GA/SC),2.7,mountains / highest peak in the East,65.3,9,5,10,6,5,9,"NC-80's relentless switchbacks feed the highest stretch of the Parkway to a drive-up 6,684-ft summit where July means 65F; the summit lot draws people but approach overlooks are often empty midweek."
Wayah Bald + Wayah Road (Franklin NC),NC,Southern Appalachians (NC/TN/GA/SC),2.4,mountains,65.1,8,7,8,6,3,7,"Paved local's twisty along the Nantahala River, then 4 miles of decent gravel to a stone fire tower with a 360 view of four states — rarely more than a couple cars; Franklin Hampton fits the brief."
Grayson Highlands State Park / Massie Gap,VA,VA/WV highlands,4.4,mountains,64.7,8,6,8,5,5,8,"5,000-ft alpine balds with wild ponies and a short drive-up overlook at Massie Gap; ponies draw families even midweek, and chain hotels are 45-60 min away in Marion/Abingdon."
"Clifty Falls State Park & Madison riverfront (Madison, IN)",IN,KY/OH/IN plateau,7,waterfall,64.5,6,7,7,7,3,4,Handsome Ohio River bluff park beside the best-preserved river town in the Midwest — but the waterfalls typically shrink to a trickle by July.
"Ohio River Scenic Byway KY-8 & Maysville (Augusta/Maysville, KY)",KY/OH,KY/OH/IN plateau,6.7,byway,64.5,6,7,7,4,2,6,"A quiet river-hugging two-lane through ferry towns with empty pull-offs facing barge traffic — pleasant and utterly untouristed, but charming rather than jaw-dropping."
Babcock State Park / Glade Creek Grist Mill,WV,VA/WV highlands,5.8,waterfall,64.1,8,5,7,8,5,6,"The most photographed building in West Virginia sits 50 feet from the parking lot — a genuine 10-minute jaw-dropper 25 min from Beckley hotels, though summer water runs low."
Suches loop: GA 60 / Wolf Pen Gap / Lake Winfield Scott (Suches GA),GA,Southern Appalachians (NC/TN/GA/SC),2.3,byway,64,7,8,9,4,3,6,"Georgia's 'Two Wheels' triangle — tight, well-paved, nearly traffic-free on a weekday — circling a high valley with a usually deserted mountain lake; add GA-348 Richard Russell for the climb."
"Lake Guntersville State Park overlooks, Guntersville AL",AL,Deep South (AL/MS/LA/W-GA),4.6,lake,63.7,7,7,6,6,3,6,"Bluff-top lodge-area lake panorama from the car, then quiet causeway pull-offs and empty coves — good odds of a private water-view dead end on a Monday."
"Red River Gorge scenic loop — Nada Tunnel, Sky Bridge, Chimney Top Rock (Slade, KY)",KY,KY/OH/IN plateau,6,gorge,63.5,9,5,8,5,7,6,"The KY-77/715 loop through the one-lane 1911 Nada Tunnel is a superb drive with big-payoff sandstone views near the car — but it's the region's marquee draw; a July Monday thins, not empties, the crowd."
"Tishomingo State Park, Tishomingo MS",MS,Deep South (AL/MS/LA/W-GA),6.4,canyon/rock park,63.5,6,8,5,4,2,5,"Mississippi's geological oddity — sandstone bluffs, fern gullies, 1939 swinging bridge, nearly always empty — but 6+ hours for scenery north Alabama beats at 4."
Cedar Island NC (Down East NC-12 dead-end + ferry terminal beach),NC,Atlantic Coast (SC/GA/NC/VA),7.7,coast,63.5,7,9,4,1,2,4,"A nearly traffic-free causeway across open marsh literally dead-ends at an empty beach with free-roaming horses — peak nobody-there, but essentially zero lodging."
Letchworth State Park (Inspiration Point + Middle/Upper Falls),NY,Mid-Atlantic/North (VA/MD/PA/NY),11.3,gorge/waterfall,63.3,9,5,6,6,5,7,"A park road strings together drive-up overlooks of a 550-ft gorge and three major falls with dam-fed reliable July flow — built for his stop cadence, at the far edge of the day."
"Blackwater Falls State Park, Davis",WV,VA/WV highlands,7.6,waterfall,63,9,5,7,3,5,7,"Amber 57-ft falls with a short boardwalk plus the drive-up Pendleton Point canyon overlook; Davis/Thomas have zero post-2019 chains, pushing the night back to Elkins."
"Ricketts Glen State Park (Falls Trail, 22 named waterfalls)",PA,Mid-Atlantic/North (VA/MD/PA/NY),9.8,waterfall,63,9,5,7,6,5,4,"The 22-waterfall loop is one of the East's great walks — which is the problem: a steep, wet 3.2-7 mile hike he will hate; only modest Adams Falls is near the car."
Stone Mountain State Park (Roaring Gap NC),NC,Southern Appalachians (NC/TN/GA/SC),3.9,mountains,62.8,7,7,7,5,3,6,"A 600 ft bare granite dome over a manicured meadow, viewable from a short drive-up overlook in a park most tourists skip for the Parkway; Elkin's newer Fairfield 25 min away."
Roan Highlands / Carvers Gap via TN 143 & NC 261,NC/TN,Southern Appalachians (NC/TN/GA/SC),3.6,mountains,62.6,10,4,9,5,6,8,"The paved climbs to 5,512 ft Carvers Gap are two of the best driving roads in the East and the balds are the Southeast's best view — but the gap lot draws steady hikers; weekday evening is the play."
"DeSoto Falls, Mentone AL",AL,Deep South (AL/MS/LA/W-GA),4,waterfall,61.6,8,6,7,5,5,7,"A 107-ft waterfall plunging into a rock bowl, viewable from an overlook ~100 yards from the lot — the definition of a jaw-dropping 15-minute stop, with moderate July flow."
"Botany Bay Plantation Heritage Preserve (Boneyard Beach), Edisto Island SC",SC,Atlantic Coast (SC/GA/NC/VA),5,coast,61.6,9,7,4,3,4,5,"A dirt causeway under oak canopy dead-ends at a skeletal boneyard beach — but CLOSED every Tuesday (he'd arrive Monday night), needs low tide + a half-mile walk, and Edisto has zero chain hotels."
"Taughannock Falls Overlook, Ulysses/Ithaca NY",NY,Mid-Atlantic/North (VA/MD/PA/NY),12,waterfall/drive-up overlook,61.6,9,5,6,7,5,7,"A 215-ft waterfall — taller than Niagara — viewed from a drive-up overlook with literally zero walking: the platonic 15-minute stop, but at the far edge of even a 14-hour day."
"Cathedral Caverns State Park, Woodville AL",AL,Deep South (AL/MS/LA/W-GA),4.7,cave,61.5,8,5,6,5,4,9,"A 126-ft-wide cave mouth at a constant 60F — the best July-heat escape in the region — but the guided tour runs ~1.5-2 hours, blowing past the 15-minute-stop format."
"Horse Pens 40, Chandler Mountain, Steele AL",AL,Deep South (AL/MS/LA/W-GA),3.9,rock formations,61.4,7,7,6,5,3,6,"An obscure private mountaintop park of house-sized sandstone boulders steps from the car, atop a plateau with brow views; weekdays it is basically climbers-only quiet."
Lake Jocassee boat-in waterfalls (Devils Fork State Park),SC,Southern Appalachians (NC/TN/GA/SC),0.5,lake / boat-in waterfalls,61.4,9,8,4,7,5,9,Rent a pontoon 30 min from the hotel and idle up a crystal-clear mountain lake to boat-only waterfalls — the boat replaces the driving day; score penalized because it barely leaves Seneca.
"Lake Martin — Smith Mountain / Children's Harbor shoreline, Dadeville AL",AL,Deep South (AL/MS/LA/W-GA),4.3,lake,61.2,7,7,6,6,4,5,"44,000 acres of clear water with sleepy county-road dead ends at quiet coves — Hartwell-boat-dock energy findable on a Monday — but the best viewpoint needs a 0.8-mi uphill walk in 95F humidity."
"Okefenokee NWR — Suwannee Canal / Swamp Island Drive (Folkston, GA)",GA,FL springs & Gulf / S-GA,5.5,swamp,61.1,7,8,3,5,2,3,"A primeval blackwater mirror-swamp tourable by car with almost no one around — but July is the swamp's worst month: 95F, deerflies, mosquitoes, hiding gators, thunderstorms."
Wilson Creek Gorge / Brown Mountain Beach Rd + NC 181 (Collettsville NC),NC,Southern Appalachians (NC/TN/GA/SC),3,gorge,61,8,6,8,5,5,7,A National Wild & Scenic river in a boulder gorge with roadside swimming holes — largely yours on a Monday — and NC 181 up the escarpment is a sweeper festival.
Ocracoke Island NC (via Cedar Island or Hatteras ferry),NC,Atlantic Coast (SC/GA/NC/VA),9.8,coast,61,9,8,3,2,5,3,"16 miles of NPS beach kept uncrowded by the ferry filter — but that filter hits him too: reservation-required crossings, near-midnight arrival, older inns that sell out July 4 week."
Foothills Parkway West (Look Rock) + Elkmont ghost town,TN,Southern Appalachians (NC/TN/GA/SC),3.4,parkway / abandoned resort town,60.9,8,5,8,8,6,7,The 'Missing Link' Foothills Parkway is the Smokies view without Smokies traffic — Look Rock overlooks routinely near-empty — plus Elkmont's abandoned 1910s vacation cabins a 5-minute stroll from parking.
"Cloudland Canyon State Park, Trenton GA",GA,Deep South (AL/MS/LA/W-GA),3.7,canyon,60.5,9,5,7,6,6,7,"The main overlook — a 1,000-ft sandstone gulf — is a 2-minute walk from the lot and GA-136 up Lookout Mountain is a legitimate driving road, but it's the region's best-known canyon."
Swallow Falls State Park / Deep Creek Lake,MD,Mid-Atlantic/North (VA/MD/PA/NY),7.5,waterfall/lake,60.5,8,5,7,4,6,7,"Muddy Creek Falls is a short shaded walk from the lot at cooler 2,500-ft elevation — but early July is Deep Creek's peak lake week, and chain lodging is an hour-plus on in Morgantown."
Blue Ridge Parkway end-to-end mega-run (Cherokee NC to Afton VA),NC/VA,Southern Appalachians (NC/TN/GA/SC),13,the-drive-is-the-destination,60.4,10,6,9,8,5,7,"All 469 miles in one push is a bucket-list flex that maxes the 14h envelope; sane bailout is exiting at Roanoke (~10-11h, excellent new hotel stock) and finishing Tuesday morning."
Wakulla Springs + St. Marks Lighthouse road (south of Tallahassee),FL,FL springs & Gulf / S-GA,6.6,springs,60,7,6,3,9,4,5,The world's deepest freshwater spring (clarity a gamble lately) plus the 7-mile dead-end drive through St. Marks NWR to an 1842 lighthouse — a superb empty smoke-spot; Tallahassee 2019+ hotels abundant.
Apalachicola + St. George Island (Forgotten Coast),FL,FL springs & Gulf / S-GA,7.6,coast,60,8,7,4,4,5,4,A real 1830s oyster town with zero franchise sprawl and empty state-park beaches — but 95F soup humidity on shadeless sand and no new-build chains in budget.
"Skyline Drive / Shenandoah NP (Rockfish Gap south entry, Waynesboro VA)",VA,Mid-Atlantic/North (VA/MD/PA/NY),6,mountains/byway,60,8,4,6,9,7,7,75 drive-up overlooks in 105 miles is exactly his stop cadence — but it's the region's most-visited scenic drive with an enforced 35 mph limit and July haze; Waynesboro hotel stock is excellent.
Land Between the Lakes National Recreation Area + The Trace (terminus Paducah),KY,KY/OH/IN plateau,7.3,lakes / byway,60,6,7,4,8,4,4,"A 40-mile wooded peninsula between two giant TVA lakes with a drive-through elk-and-bison prairie — but flat straight roads, interstate slog there, and 95F humid buggy July."
"Petit Jean State Park / Hwy 154 Overlooks (Morrilton, AR)",AR,Ozarks/Ouachitas (AR/MO),11.3,mountains/canyon,59.9,8,5,6,7,5,5,CCC stone overlooks you park directly beside — genuine drive-up drama — but Cedar Falls is a trickle by July and 11.3h means arriving at or after sunset.
"Cumberland Falls State Resort Park (Corbin, KY)",KY,KY/OH/IN plateau,5,waterfall,59.7,8,4,7,9,6,6,"The 'Niagara of the South' — a 125-ft-wide curtain falls 200 ft from the lot, with a brand-new Nov 2025 Fairfield in Corbin; the moonbow does NOT run July 6 (2026 window July 27-31)."
"Mount Magazine State Park / AR-309 Scenic Byway (Paris, AR)",AR,Ozarks/Ouachitas (AR/MO),12.5,mountains,59.7,8,7,8,5,3,4,"Arkansas's highest point with a drive-up rim road and hang-glider overlooks, 10-15F cooler — but 12.5h from Seneca busts even a 14-hour day once you add stops."
"New River Gorge Bridge + Fayette Station Road, Fayetteville",WV,VA/WV highlands,6,gorge,59.5,9,3,8,7,8,7,The marquee 876-ft bridge view with one-lane paved Fayette Station switchbacks to river level — but National Park status keeps the main overlook busy even the Monday after July 4th.
"Alley Spring & Mill (Eminence, MO)",MO,Ozarks/Ouachitas (AR/MO),10.6,springs,59.5,8,5,7,3,5,6,"The iconic red 1894 mill on a turquoise spring, a flat 300-yard stroll from the lot — but Eminence is peak float-trip country the week after July 4, with no new-build lodging."
"Silver Glen Springs + Juniper Springs, Ocala National Forest (via FL-19 Big Scrub)",FL,FL springs & Gulf / S-GA,7.3,springs,59.5,9,5,4,6,6,6,Silver Glen's Caribbean-blue basin calms dramatically on weekdays and FL-19 through the Big Scrub is one of Florida's emptiest drives — but weak hotel geography and a long total day.
"Ohiopyle State Park + Fallingwater, Laurel Highlands",PA,Mid-Atlantic/North (VA/MD/PA/NY),7.8,waterfall/gorge,59.5,8,4,7,6,6,7,"Cucumber Falls is a near-roadside gem and PA-381 through the Yough gorge is lovely — but July Ohiopyle is a rafting hub with a busy tourist drag, and Fallingwater needs a timed tour."
Dolly Sods Wilderness / Bear Rocks Preserve,WV,VA/WV highlands,7.7,mountains,59,10,5,4,4,6,5,"Arguably the most otherworldly landscape in the East — but access is miles of washboard gravel genuinely wrong for a low BMW 7 Series, and Instagram has found it."
"Dowdell's Knob, F.D. Roosevelt State Park, Pine Mountain GA",GA,Deep South (AL/MS/LA/W-GA),3.4,mountain overlook,59,7,6,7,7,4,5,"FDR's personal picnic overlook — a paved spur off the sweeping GA-190 ridge road dead-ends at a wide valley view; a July Monday should be calm, but only 1,395 ft so heat is unbuffered."
McClellanville & Cape Romain overlooks (US-17 north of Charleston),SC,Atlantic Coast (SC/GA/NC/VA),4.6,coast,58.9,6,8,3,5,2,5,"Tiny moss-draped shrimping village where a side street dead-ends at a working dock over Jeremy Creek — genuine nobody-there marsh smoke-spot energy, quiet-pretty rather than jaw-dropping."
Hot Springs NC via NC 209 'The Rattler',NC,Southern Appalachians (NC/TN/GA/SC),2.7,byway,58.6,7,6,9,3,4,7,"25 miles of beautifully paved rhythm ending in a tiny AT river town with hot-spring soaking tubs — but zero compliant chain hotels; a drive, not a terminus."
Beaufort NC waterfront + Shackleford Banks wild horses ferry,NC,Atlantic Coast (SC/GA/NC/VA),6.8,coast,57.5,8,6,3,5,5,5,A 25-minute ferry to an undeveloped barrier island with 100+ wild horses — genuinely uncrowded even in July — but older hotels and a featureless 6.8h drive.
"Cascades Falls, Pembroke",VA,VA/WV highlands,5,waterfall,56.7,9,4,6,7,7,5,One of the East's most beautiful 69-ft falls — but it costs a 4-mile round-trip hike and the swim hole is packed in July; directly violates the 15-minute-stop rule.
Panthertown Valley via Salt Rock Gap (Cashiers NC),NC,Southern Appalachians (NC/TN/GA/SC),1.7,waterfall,56.6,8,7,6,3,4,6,"The 'Yosemite of the East' — but its beauty is locked behind real hiking miles on a gravel-approach trailhead, the wrong shape for a 15-minute-stop driver."
"Pig Trail Scenic Byway, AR-23 (Ozark to Brashears, AR)",AR,Ozarks/Ouachitas (AR/MO),12.8,driving byway,56.6,7,7,9,6,3,4,"19 miles of canopy-tunneled switchbacks up the Boston Mountains, near-empty on a Monday — but a green tunnel in July leaf-out and strictly a day-2 road at ~12.8h."
Summersville Lake / Long Point cliffs,WV,VA/WV highlands,6.4,lake,56.5,7,5,6,5,6,6,"WV's clearest, biggest lake with sandstone cliffs — but early July is peak houseboat season and the best cliff views require a walk; older hotel stock."
Brasstown Bald + Richard Russell Scenic Highway GA 348 (Hiawassee GA),GA,Southern Appalachians (NC/TN/GA/SC),2,mountains,56.3,9,4,9,5,6,7,"Georgia's rooftop fed by GA 348's paved, banked, elevation-gaining sedan heaven — though the summit needs a steep half-mile paved walk or shuttle and draws steady tourists."
Linville Falls + Wiseman's View (Linville Gorge NC),NC,Southern Appalachians (NC/TN/GA/SC),2.9,gorge,54.4,9,4,7,5,7,7,The money view for a no-hike driver (Wiseman's View) sits down 4 miles of rutted Kistler Highway that punishes low-clearance cars; the paved falls side is correspondingly busy. Risky fit for a 7 Series.
"Max Patch (Harmon Den, Hot Springs NC)",NC,Southern Appalachians (NC/TN/GA/SC),2.9,mountains,53.5,9,4,7,4,7,7,"A 4,600 ft mown bald with a 360 panorama near the car — but Instagram found it: an 11-car lot, 6 miles of washboard gravel, and steady foot traffic even midweek."
"Lookout Mountain — Sunset Rock & Ochs Overlook, Chattanooga TN/GA",TN/GA,Deep South (AL/MS/LA/W-GA),3.6,mountains,53.4,8,4,7,8,8,5,"Fun climbs and a classic sunset ledge — but the tourist-strip end of the region: Rock City traffic, paid lots, valley heat; hotel depth is the main argument."
"Hocking Hills State Park — Ash Cave, Conkles Hollow, Cantwell Cliffs (Logan, OH)",OH,KY/OH/IN plateau,7.5,gorge,53,9,4,5,4,8,5,"Elite scenery (Ash Cave is a flat quarter-mile stroll) — but Ohio's most-visited natural area, a mostly-interstate 7.5h drone, and no post-2019 Marriott/Hilton in Logan."
"Claytor Lake State Park, Dublin",VA,VA/WV highlands,4.4,lake,52.8,6,5,5,8,6,6,Pretty mountain-rimmed reservoir off I-81 with Christiansburg's new-build cluster 20 min away — but a swim-beach park in July; Hartwell-dock solitude is hit-or-miss.
Edisto Beach State Park & Edisto Island backroads,SC,Atlantic Coast (SC/GA/NC/VA),4.9,coast,52.7,7,6,4,3,5,5,SC-174 is a gorgeous live-oak tunnel ending at the least commercialized beach town in SC — but July 4 week fills it with renters and no 2019+ chain exists within 45 minutes.
"Buffalo National River — Steel Creek / AR-43 Bluff Overlooks (Ponca, AR)",AR,Ozarks/Ouachitas (AR/MO),12.7,river/bluffs,52.6,9,5,7,6,5,4,"Roark Bluff at Steel Creek is a drive-to view worthy of any trip — but ~12.5-13h of dull interstate means an 11pm-midnight arrival; day-2 material, not a day-1 terminus."
"Natural Bridge State Resort Park skylift (Slade, KY)",KY,KY/OH/IN plateau,6,mountains,52.5,8,3,7,5,8,6,A chairlift to a 78-ft sandstone arch — maximum wow for minimum walking — but the single most touristed spot in the Gorge area in summer.
Watkins Glen State Park + Seneca Lake,NY,Mid-Atlantic/North (VA/MD/PA/NY),11.5,gorge/waterfall,52.4,10,2,6,6,8,6,"Arguably the most jaw-dropping walkable canyon in the East, with Seneca-to-Seneca poetry — but a 1.5-mile stair hike that draws literal tour buses by noon in July."
"Johnson's Shut-Ins State Park (Middle Brook, MO)",MO,Ozarks/Ouachitas (AR/MO),10.3,gorge/swimming shut-in,52,8,3,6,6,8,6,"A natural granite waterpark — jaw-dropping and swimmable — but Missouri's busiest summer park; fine as a Tuesday 8am stop, wrong as a seclusion destination."
"Devil's Courthouse + Black Balsam (Blue Ridge Parkway, NC)",NC,Southern Appalachians (NC/TN/GA/SC),2,mountains,51.9,9,3,9,4,8,8,"The 6,000 ft Parkway stretch is jaw-dropping and 15 degrees cooler — but the most-visited unit in the NPS; great pavement, poor solitude."
Grandfather Mountain / Linn Cove Viaduct / Rough Ridge (Linville NC),NC,Southern Appalachians (NC/TN/GA/SC),3.1,mountains,51.1,10,2,8,5,9,7,"The most dramatic mile of the Parkway and a mile-high swinging bridge — and everyone within 200 miles knows it; toll gate, timed entries, full overlooks."
"Pilot Mountain + Hanging Rock (Sauratown Mountains, Danbury NC)",NC,Southern Appalachians (NC/TN/GA/SC),4.4,mountains,50.9,7,4,6,6,6,5,"A genuine drive-to-the-top payoff rising weirdly from the Piedmont — but hot and hazy at 2,400 ft in July, with farm-country-straight roads."
"Ichetucknee Springs State Park (Fort White, FL)",FL,FL springs & Gulf / S-GA,6.4,springs,49.5,8,3,3,8,8,6,"Six miles of glass-clear tubing river — genuinely beautiful, but July is peak tubing season with shuttle lines, and it's a half-day float, not a 15-minute jaw-drop."
Luray Caverns + US-211 Thornton Gap,VA,Mid-Atlantic/North (VA/MD/PA/NY),7,cave,49.5,8,2,7,6,9,6,Genuinely spectacular caverns at 54F — but a ticketed 1-hour guided shuffle with bus-tour crowds; include only as a rain-day backup.
"Jekyll Island / Driftwood Beach (Brunswick, GA)",GA,FL springs & Gulf / S-GA,5.2,coast,49.3,8,4,3,7,7,4,"Driftwood Beach's skeleton-tree boneyard is a legitimate 15-minute jaw-drop steps from parking — but Instagram-discovered, and July mornings draw photographers and families."
"Hunting Island State Park & Lighthouse, SC",SC,Atlantic Coast (SC/GA/NC/VA),4.9,coast,48.8,8,4,3,6,7,5,Semi-tropical maritime forest meeting the sea with a small boneyard beach — but SC's most-visited state park; July 4 week the lot can fill by late morning.
Elk River Falls (Elk Park NC),NC,Southern Appalachians (NC/TN/GA/SC),3.4,waterfall,48.4,8,3,7,4,8,7,A 50 ft plunge into a huge pool five minutes from the car — which is precisely why every swimmer in Avery County is there on a hot July afternoon; pass-by only.
"Wormsloe Historic Site + Bonaventure Cemetery, Savannah GA",GA,Atlantic Coast (SC/GA/NC/VA),4.6,byway,47.9,8,4,2,8,7,4,"Wormsloe's 1.5-mile avenue of 400 oaks is a literal drive-through jaw-dropper — but Savannah in early July is brutally hot and touristy; a 15-minute-stop city, not a seclusion win."
"Hot Springs National Park + West Mountain Summit Drive (Hot Springs, AR)",AR,Ozarks/Ouachitas (AR/MO),10.7,springs/mountain drive,47.5,6,3,5,8,7,5,"The practical Arkansas terminus with real new-build beds and a dusk corkscrew to a city-lights overlook — but Bathhouse Row is exactly the tourist strip he hates, at 97F."
Ginnie Springs / Gilchrist Blue / Poe Springs (High Springs cluster),FL,FL springs & Gulf / S-GA,6.5,springs,47,9,2,3,8,9,5,The clearest water in Florida — but a privately-run tubing/party campground with leftover holiday campers; world-class scenery that directly violates the seclusion requirement.
Great Smoky Mountains Railroad Nantahala Gorge excursion + drive combo (Bryson City),NC,Southern Appalachians (NC/TN/GA/SC),2.2,scenic train + drive combo,46.5,7,3,8,5,7,6,The only let-someone-else-drive option in range: a 4.5-hour open-car train up the Nantahala Gorge — but a family-tourist product whose July departures run full.
"Noccalula Falls Park, Gadsden AL",AL,Deep South (AL/MS/LA/W-GA),4.1,waterfall,46.2,7,3,5,6,6,5,"A 90-ft plunge right beside the parking area — but a paid, manicured city attraction with a petting zoo, and July flow can drop to a trickle."
"Chincoteague NWR / Assateague wild ponies, VA",VA,Atlantic Coast (SC/GA/NC/VA),9.8,coast,46,8,5,2,3,7,2,"Wild ponies from a paved drive loop — perfect stop format — but ~10h of I-95 traffic, savage midsummer greenheads, peak-season crowds, and $250+ lodging."
Delaware Water Gap National Recreation Area,PA,Mid-Atlantic/North (VA/MD/PA/NY),10.5,gorge/river,45.5,6,3,5,7,8,5,"In July this is NYC-metro's swimming hole — waterfall lots fill and get gated, and the scenery doesn't beat what he'd pass 4 hours earlier."
Whiteside Mountain / Cullasaja Gorge US 64 (Highlands-Cashiers NC),NC,Southern Appalachians (NC/TN/GA/SC),1.5,gorge,45,8,3,8,3,8,6,"Sheer granite faces and a drive-behind waterfall on a twisty gorge road — but pay lots, queues, and a Rolex-and-golf tourist strip; better crossed than stayed in."
"Rainbow Springs State Park / KP Hole (Dunnellon, FL)",FL,FL springs & Gulf / S-GA,7.7,springs,45,9,2,3,7,9,4,First-magnitude turquoise river — but in July the park routinely hits capacity and closes its gates by mid-morning; the anti-seclusion outcome.
"Mammoth Cave National Park & Green River Ferry (Cave City, KY)",KY,KY/OH/IN plateau,6.8,cave,44.5,6,3,5,7,9,5,"A bucket-list name that is the opposite of this brief: sold-out large-group July tours, modest surface scenery, and a ticketed 1-2h walking tour for the payoff."
"Cape Hatteras Lighthouse & Buxton, Outer Banks NC",NC,Atlantic Coast (SC/GA/NC/VA),8.7,coast,43.5,8,4,3,2,8,3,"NC-12 over Oregon Inlet is the region's one dramatic coastal drive — but July 4 week the OBX is wall-to-wall renters after 8.7 punishing hours, with dated or $250+ lodging."
"Tallulah Gorge State Park, Tallulah Falls GA",GA,Deep South (AL/MS/LA/W-GA),0.6,gorge,42.7,8,3,6,4,7,6,"A 1,000-ft gorge with rim overlooks only 35 minutes from the start — useful as a 9:30am first stop before crowds build, not as a destination."
"Whitaker Point / Hawksbill Crag (Boxley, AR)",AR,Ozarks/Ouachitas (AR/MO),13,overlook,42.3,10,4,3,6,6,2,"Arkansas's most photographed rock — a terrible fit: 6 miles of rough steep gravel miserable in a 7 Series, a 3-mile round-trip hike, and a steady sunset crowd."
"Huntington Beach State Park & Atalaya, Murrells Inlet SC",SC,Atlantic Coast (SC/GA/NC/VA),4.9,coast,40.1,7,3,2,6,8,4,Moorish castle ruins steps from the sand — but on the Myrtle Beach corridor during the biggest beach week of the year; traffic and crowds are his nightmare.
St. Augustine + Anastasia Island,FL,FL springs & Gulf / S-GA,6.2,coast,40,7,2,3,7,9,4,"The oldest city in America is exactly the horse-carriage-and-fudge-shop tourist strip this driver hates, amplified by July 4th week spillover."
Charleston SC (terminus base: North Charleston/Summerville new-builds),SC,Atlantic Coast (SC/GA/NC/VA),4.2,coast,38.3,7,2,2,8,8,4,"Best hotel math in the region — dozens of 2019+ boxes with free lots — but downtown and the beaches are exactly the tourist-strip crowd scene he hates, in sauna heat."
Niagara Falls NY,NY,Mid-Atlantic/North (VA/MD/PA/NY),12.5,waterfall,35.9,10,1,3,6,10,3,"The rawest hydraulic spectacle in North America, and the worst possible fit for a crowd-hating seclusion seeker in peak week; the rubric buries it."
"New Orleans, LA",LA,Deep South (AL/MS/LA/W-GA),9.5,city,30,6,1,2,6,9,2,Nine-plus hours of flat interstate slog to a 96F tourist swamp with valet garages and zero winding roads — a near-perfect inversion of everything this driver loves.
